{
	"format_version": "1.8.0",
	"animations": {
		"static_idle": {
			"loop": true,
			"bones": {
				"righthand_pos": {
					"rotation": [82.38565, 9.91358, -1.31845],
					"position": [-1, -1.99, 10]
				},
				"lefthand_pos": {
					"rotation": [82.43603, -7.43547, 0.98448],
					"position": [1.75, -2.25, 11.5]
				}
			}
		},
		"reload_tactical": {
			"animation_length": 0.68,
			"bones": {
				"root": {
					"rotation": {
						"0.0": [0, 0, 0],
						"0.16": [0, 0, -20],
						"0.56": [0, 0, -20],
						"0.68": [0, 0, 0]
					}
				},
				"righthand_pos": {
					"rotation": {
						"0.0": [82.38565, 9.91358, -1.31845],
						"0.16": [82.38565, 9.91358, -1.31845],
						"0.32": [109.88565, 9.91358, -1.31845],
						"0.48": [77.38565, 9.91358, -1.31845],
						"0.56": [82.38565, 9.91358, -1.31845]
					},
					"position": {
						"0.0": [-1, -1.99, 10],
						"0.16": [-1, -1.99, 10],
						"0.32": [-1, -12.99, 15],
						"0.48": [-1, -1.99, 10],
						"0.56": [-1, -1.99, 10]
					}
				},
				"lefthand_pos": {
					"rotation": {
						"0.0": [82.43603, -7.43547, 0.98448],
						"0.16": [82.43603, -7.43547, 0.98448],
						"0.56": [82.43603, -7.43547, 0.98448]
					},
					"position": {
						"0.0": [1.75, -2.25, 11.5],
						"0.16": [1.75, -2.25, 11.5],
						"0.56": [1.75, -2.25, 11.5]
					}
				}
			}
		},
		"load_empty": {
			"animation_length": 1.16,
			"bones": {
				"root": {
					"rotation": {
						"0.0": [0, 0, 0],
						"0.16": [0, 0, -20],
						"0.8": [0, 0, -20],
						"0.92": [0, 0, 0]
					}
				},
				"righthand_pos": {
					"rotation": {
						"0.0": [82.38565, 9.91358, -1.31845],
						"0.16": [82.38565, 9.91358, -1.31845],
						"0.32": [109.88565, 9.91358, -1.31845],
						"0.6": [109.88565, 9.91358, -1.31845],
						"0.8": [77.38565, 9.91358, -1.31845],
						"0.88": [82.38565, 9.91358, -1.31845]
					},
					"position": {
						"0.0": [-1, -1.99, 10],
						"0.16": [-1, -1.99, 10],
						"0.32": [-1, -12.99, 15],
						"0.6": [-1, -12.99, 15],
						"0.8": [-1, -1.99, 10],
						"0.88": [-1, -1.99, 10]
					}
				},
				"lefthand_pos": {
					"rotation": {
						"0.0": [82.43603, -7.43547, 0.98448],
						"0.16": [82.43603, -7.43547, 0.98448],
						"0.88": [82.43603, -7.43547, 0.98448]
					},
					"position": {
						"0.0": [1.75, -2.25, 11.5],
						"0.16": [1.75, -2.25, 11.5],
						"0.88": [1.75, -2.25, 11.5]
					}
				}
			}
		},
		"inspect": {
			"animation_length": 1.52,
			"bones": {
				"root": {
					"rotation": {
						"0.0": [0, 0, 0],
						"0.6": [0, 0, -32.5],
						"1.2": [0, 0, -32.5],
						"1.52": [0, 0, 0]
					},
					"position": {
						"0.0": [0, 0, 0],
						"0.24": [0, 0, 0]
					}
				},
				"righthand_pos": {
					"rotation": [82.38565, 9.91358, -1.31845],
					"position": [-1, -1.99, 10]
				},
				"lefthand_pos": {
					"rotation": [82.43603, -7.43547, 0.98448],
					"position": [1.75, -2.25, 11.5]
				}
			}
		},
		"shoot": {
			"animation_length": 0.32,
			"bones": {
				"root": {
					"rotation": {
						"0.0": [0, 0, 0],
						"0.16": [-2.5, 0, 0],
						"0.28": [0, 0, 0]
					},
					"position": {
						"0.0": [0, 0, 0],
						"0.12": [0, 0.25, 0.75],
						"0.16": [0, 0, 1],
						"0.32": [0, 0, 0]
					}
				}
			}
		}
	}
}